k, reward, std
1, -6.1264006465977925, 2.6261114461138306
2, -3.4652359381486413, 1.3084831858508834
3, -2.9150179750214456, 1.6347459314744373
4, -2.591131502530944, 0.5262619174971477

