k, reward, variance
1, -3.769855862084762, 0.8687310840666437
2, -3.0496015778904457, 0.6895091085245685
3, -2.72592842597965, 0.5699835200316272
4, -2.854071901804428, 0.3669829882371786

