k, reward, std
1, -5.905066259211232, 2.2105622358605097
2, -3.9234482654695833, 1.043596249170607
3, -6.772500496052969, 2.5845733981345425
4, -7.013095494140333, 2.6972839846893635
