k, reward, std
1, -5.371718155747085, 2.107049489042026
2, -3.8907236770070335, 1.9490529683049205
3, -3.5587343557409077, 2.3253053480811885
4, -4.410319276747424, 2.4066994410746116

